{"cameraMode":{"drawMode":0,"name":"Shaded","section":"Shading Mode"},"sceneLighting":true,"audioPlay":false,"sceneViewState":{"showFog":true,"showMaterialUpdate":true,"showSkybox":true,"showFlares":true,"showImageEffects":true,"showParticleSystems":true},"in2DMode":false,"pivot":{"x":876.0437622070313,"y":543.4724731445313,"z":-0.4287109375},"rotation":{"x":-0.0033098605927079918,"y":0.0026897492352873089,"z":-0.00001989023803616874,"w":-0.9999960660934448},"size":1423.289306640625,"orthographic":false}