{"cameraMode":{"drawMode":0,"name":"Shaded","section":"Shading Mode"},"sceneLighting":true,"audioPlay":false,"sceneViewState":{"showFog":true,"showMaterialUpdate":true,"showSkybox":true,"showFlares":true,"showImageEffects":true,"showParticleSystems":true},"in2DMode":false,"pivot":{"x":906.45166015625,"y":484.6661682128906,"z":-324.8079833984375},"rotation":{"x":-0.0033098605927079918,"y":0.0026897492352873089,"z":-0.00001989023803616874,"w":-0.9999960660934448},"size":1269.939453125,"orthographic":false}