{"cameraMode":{"drawMode":0,"name":"Shaded","section":"Shading Mode"},"sceneLighting":true,"audioPlay":false,"sceneViewState":{"showFog":true,"showMaterialUpdate":false,"showSkybox":true,"showFlares":true,"showImageEffects":true,"showParticleSystems":true},"in2DMode":false,"pivot":{"x":883.6021728515625,"y":303.52667236328127,"z":316.380615234375},"rotation":{"x":0.005689605139195919,"y":-0.005715058650821447,"z":-0.0000034852469070756344,"w":-1.0000178813934327},"size":1542.455078125,"orthographic":false}