{"cameraMode":{"drawMode":0,"name":"Shaded","section":"Shading Mode"},"sceneLighting":true,"audioPlay":false,"sceneViewState":{"showFog":true,"showMaterialUpdate":false,"showSkybox":true,"showFlares":true,"showImageEffects":true,"showParticleSystems":true},"in2DMode":false,"pivot":{"x":10.785329818725586,"y":-69.21580505371094,"z":160.11073303222657},"rotation":{"x":-0.1935150921344757,"y":-0.07469119876623154,"z":0.014806450344622136,"w":-0.978187084197998},"size":198.02047729492188,"orthographic":false}